gameweek,id,player_name,team_short,position,predicted_points,event_points,error,abs_error
10,21,Rice,ARS,Midfielder,6.33,13,-6.67,6.67
10,666,Gyökeres,ARS,Forward,1.52,7,-5.48,5.48
10,6,Saliba,ARS,Defender,1.24,6,-4.76,4.76
10,22,Merino,ARS,Midfielder,5.605,1,4.605,4.605
10,7,Calafiori,ARS,Defender,1.83,6,-4.17,4.17
10,20,Trossard,ARS,Midfielder,1.925,6,-4.075,4.075
10,1,Raya,ARS,Goalkeeper,2.1,6,-3.9,3.9
10,17,Ødegaard,ARS,Midfielder,3.85,0,3.85,3.85
10,8,J.Timber,ARS,Defender,4.36,6,-1.6399999999999997,1.6399999999999997
10,26,Zubimendi,ARS,Midfielder,1.73,3,-1.27,1.27
10,19,Martinelli,ARS,Midfielder,1.05,0,1.05,1.05
10,662,Mosquera,ARS,Defender,1.01,0,1.01,1.01
10,725,Hincapie,ARS,Defender,0.005,1,-0.995,0.995
10,24,Nørgaard,ARS,Midfielder,0.005,1,-0.995,0.995
10,25,Nwaneri,ARS,Midfielder,0.01,1,-0.99,0.99
10,16,Saka,ARS,Midfielder,2.14,3,-0.8599999999999999,0.8599999999999999
10,5,Gabriel,ARS,Defender,11.175,12,-0.8249999999999993,0.8249999999999993
10,266,Eze,ARS,Midfielder,2.45,3,-0.5499999999999998,0.5499999999999998
10,10,Lewis-Skelly,ARS,Defender,0.915,1,-0.08499999999999996,0.08499999999999996
10,4,Setford,ARS,Goalkeeper,0.0,0,0.0,0.0
10,3,Hein,ARS,Goalkeeper,0.0,0,0.0,0.0
10,28,Kabia,ARS,Midfielder,0.0,0,0.0,0.0
10,23,Fábio Vieira,ARS,Midfielder,0.0,0,0.0,0.0
10,711,Harriman-Annous,ARS,Midfielder,0.0,0,0.0,0.0
10,18,Madueke,ARS,Midfielder,0.0,0,0.0,0.0
10,2,Arrizabalaga,ARS,Goalkeeper,0.0,0,0.0,0.0
10,11,White,ARS,Defender,0.0,0,0.0,0.0
10,13,Clarke,ARS,Defender,0.0,0,0.0,0.0
10,14,Kacurri,ARS,Defender,0.0,0,0.0,0.0
10,15,Nichols,ARS,Defender,0.0,0,0.0,0.0
10,700,Dowman,ARS,Midfielder,0.0,0,0.0,0.0
10,9,Kiwior,ARS,Defender,0.0,0,0.0,0.0
10,31,G.Jesus,ARS,Forward,0.0,0,0.0,0.0
10,29,Sambi,ARS,Midfielder,0.0,0,0.0,0.0
10,30,Havertz,ARS,Forward,0.0,0,0.0,0.0
10,50,Buendía,AVL,Midfielder,8.84,0,8.84,8.84
10,64,Watkins,AVL,Forward,7.995,2,5.995,5.995
10,54,McGinn,AVL,Midfielder,5.005,1,4.005,4.005
10,37,Digne,AVL,Defender,3.495,1,2.495,2.495
10,47,Rogers,AVL,Midfielder,3.315,1,2.315,2.315
10,36,Cash,AVL,Defender,2.055,0,2.055,2.055
10,44,Bogarde,AVL,Defender,1.825,0,1.825,1.825
10,719,Lindelöf,AVL,Defender,1.005,0,1.005,1.005
10,389,Elliott,AVL,Midfielder,1.0,0,1.0,1.0
10,39,Maatsen,AVL,Defender,0.0,1,-1.0,1.0
10,55,Barkley,AVL,Midfielder,0.0,1,-1.0,1.0
10,58,Kamara,AVL,Midfielder,1.01,2,-0.99,0.99
10,53,Malen,AVL,Midfielder,1.985,1,0.9850000000000001,0.9850000000000001
10,456,Sancho,AVL,Midfielder,0.015,1,-0.985,0.985
10,32,Martinez,AVL,Goalkeeper,1.895,1,0.895,0.895
10,677,Guessand,AVL,Midfielder,1.79,1,0.79,0.79
10,59,Onana,AVL,Midfielder,0.27,1,-0.73,0.73
10,38,Konsa,AVL,Defender,1.67,1,0.6699999999999999,0.6699999999999999
10,41,Pau,AVL,Defender,1.25,1,0.25,0.25
10,40,Mings,AVL,Defender,1.005,1,0.004999999999999893,0.004999999999999893
10,65,Redmond,AVL,Forward,0.0,0,0.0,0.0
10,57,Dobbin,AVL,Midfielder,0.0,0,0.0,0.0
10,60,Broggio,AVL,Midfielder,0.0,0,0.0,0.0
10,61,Dendoncker,AVL,Midfielder,0.0,0,0.0,0.0
10,33,M.Bizot,AVL,Goalkeeper,0.0,0,0.0,0.0
10,34,Gauci,AVL,Goalkeeper,0.0,0,0.0,0.0
10,35,Marschall,AVL,Goalkeeper,0.0,0,0.0,0.0
10,42,A.García,AVL,Defender,0.0,0,0.0,0.0
10,43,Alex Moreno,AVL,Defender,0.0,0,0.0,0.0
10,45,Sousa,AVL,Defender,0.0,0,0.0,0.0
10,46,Yasin,AVL,Defender,0.0,0,0.0,0.0
10,48,Tielemans,AVL,Midfielder,0.0,0,0.0,0.0
10,710,Patterson,AVL,Defender,0.0,0,0.0,0.0
10,62,Jimoh-Aloba,AVL,Midfielder,0.0,0,0.0,0.0
10,49,Bailey,AVL,Midfielder,0.0,0,0.0,0.0
10,51,Iling Jr,AVL,Midfielder,0.0,0,0.0,0.0
10,56,Barrenechea,AVL,Midfielder,0.0,0,0.0,0.0
10,63,Young,AVL,Midfielder,0.0,0,0.0,0.0
10,701,Rowe,AVL,Defender,0.0,0,0.0,0.0
10,702,Burrowes,AVL,Midfielder,0.0,0,0.0,0.0
10,703,Proctor,AVL,Goalkeeper,0.0,0,0.0,0.0
10,688,Wright,AVL,Goalkeeper,0.0,0,0.0,0.0
10,169,Gomez,BHA,Midfielder,1.79,16,-14.21,14.21
10,173,Wieffer,BHA,Midfielder,2.835,10,-7.165,7.165
10,145,De Cuyper,BHA,Defender,6.6,0,6.6,6.6
10,160,Minteh,BHA,Midfielder,2.545,9,-6.455,6.455
10,146,Dunk,BHA,Defender,0.99,6,-5.01,5.01
10,151,Van Hecke,BHA,Defender,2.68,7,-4.32,4.32
10,148,F.Kadıoğlu,BHA,Defender,1.915,6,-4.085,4.085
10,139,Verbruggen,BHA,Goalkeeper,1.92,6,-4.08,4.08
10,162,Gruda,BHA,Midfielder,3.455,0,3.455,3.455
10,166,Ayari,BHA,Midfielder,1.51,3,-1.49,1.49
10,158,Georginio,BHA,Midfielder,1.695,3,-1.305,1.305
10,157,Mitoma,BHA,Midfielder,1.1,0,1.1,1.1
10,167,Baleba,BHA,Midfielder,1.92,3,-1.08,1.08
10,744,Oriola,BHA,Midfielder,0.0,1,-1.0,1.0
10,175,Knight,BHA,Midfielder,0.0,1,-1.0,1.0
10,172,Watson,BHA,Midfielder,0.005,1,-0.995,0.995
10,181,Kostoulas,BHA,Forward,0.095,1,-0.905,0.905
10,178,Welbeck,BHA,Forward,6.69,6,0.6900000000000004,0.6900000000000004
10,180,Tzimas,BHA,Forward,0.9,1,-0.09999999999999998,0.09999999999999998
10,170,Milner,BHA,Midfielder,0.09,0,0.09,0.09
10,144,Coppola,BHA,Defender,0.06,0,0.06,0.06
10,177,Moran,BHA,Midfielder,0.0,0,0.0,0.0
10,179,Ferguson,BHA,Forward,0.0,0,0.0,0.0
10,154,Cashin,BHA,Defender,0.0,0,0.0,0.0
10,155,Slater,BHA,Defender,0.0,0,0.0,0.0
10,156,Tasker,BHA,Defender,0.0,0,0.0,0.0
10,159,March,BHA,Midfielder,0.0,0,0.0,0.0
10,138,Steele,BHA,Goalkeeper,0.0,0,0.0,0.0
10,140,McGill,BHA,Goalkeeper,0.0,0,0.0,0.0
10,141,Rushworth,BHA,Goalkeeper,0.0,0,0.0,0.0
10,142,Scherpen,BHA,Goalkeeper,0.0,0,0.0,0.0
10,143,Boscagli,BHA,Defender,0.0,0,0.0,0.0
10,152,Veltman,BHA,Defender,0.0,0,0.0,0.0
10,153,Webster,BHA,Defender,0.0,0,0.0,0.0
10,161,Enciso,BHA,Midfielder,0.0,0,0.0,0.0
10,163,Hinshelwood,BHA,Midfielder,0.0,0,0.0,0.0
10,164,O'Riley,BHA,Midfielder,0.0,0,0.0,0.0
10,165,Sima,BHA,Midfielder,0.0,0,0.0,0.0
10,147,Estupiñan,BHA,Defender,0.0,0,0.0,0.0
10,150,Lamptey,BHA,Defender,0.0,0,0.0,0.0
10,171,Sarmiento,BHA,Midfielder,0.0,0,0.0,0.0
10,174,Yalcouye,BHA,Midfielder,0.0,0,0.0,0.0
10,176,Mazilu,BHA,Midfielder,0.0,0,0.0,0.0
10,85,Adams,BOU,Midfielder,1.735,8,-6.265,6.265
10,82,Semenyo,BOU,Midfielder,7.23,2,5.23,5.23
10,90,Scott,BOU,Midfielder,1.295,5,-3.705,3.705
10,87,Christie,BOU,Midfielder,3.505,1,2.505,2.505
10,100,Kroupi.Jr,BOU,Forward,4.125,2,2.125,2.125
10,72,Senesi,BOU,Defender,4.41,3,1.4100000000000001,1.4100000000000001
10,81,Kluivert,BOU,Midfielder,1.375,0,1.375,1.375
10,685,Diakité,BOU,Defender,1.98,1,0.98,0.98
10,86,Brooks,BOU,Midfielder,1.035,2,-0.9650000000000001,0.9650000000000001
10,697,Adli,BOU,Midfielder,0.94,0,0.94,0.94
10,88,Cook,BOU,Midfielder,0.08,1,-0.92,0.92
10,97,Evanilson,BOU,Forward,1.82,1,0.8200000000000001,0.8200000000000001
10,713,A.Jimenez,BOU,Defender,0.39,1,-0.61,0.61
10,74,Truffert,BOU,Defender,2.45,2,0.4500000000000002,0.4500000000000002
10,721,Milosavljević,BOU,Defender,0.23,0,0.23,0.23
10,84,Tavernier,BOU,Midfielder,1.77,2,-0.22999999999999998,0.22999999999999998
10,67,Petrović,BOU,Goalkeeper,2.145,2,0.14500000000000002,0.14500000000000002
10,391,Gannon-Doak,BOU,Midfielder,0.855,1,-0.14500000000000002,0.14500000000000002
10,77,Hill,BOU,Defender,0.125,0,0.125,0.125
10,98,Enes Ünal,BOU,Forward,0.005,0,0.005,0.005
10,66,Neto,BOU,Goalkeeper,0.0,0,0.0,0.0
10,68,Dennis,BOU,Goalkeeper,0.0,0,0.0,0.0
10,69,McKenna,BOU,Goalkeeper,0.0,0,0.0,0.0
10,70,Paulsen,BOU,Goalkeeper,0.0,0,0.0,0.0
10,71,Zabarnyi,BOU,Defender,0.0,0,0.0,0.0
10,73,Smith,BOU,Defender,0.0,0,0.0,0.0
10,76,Bevan,BOU,Defender,0.0,0,0.0,0.0
10,78,J.Araujo,BOU,Defender,0.0,0,0.0,0.0
10,79,Mepham,BOU,Defender,0.0,0,0.0,0.0
10,80,Soler,BOU,Defender,0.0,0,0.0,0.0
10,75,Akinmboni,BOU,Defender,0.0,0,0.0,0.0
10,687,Rees-Dottin,BOU,Midfielder,0.0,0,0.0,0.0
10,95,Silcott-Duberry,BOU,Midfielder,0.0,0,0.0,0.0
10,96,Winterburn,BOU,Midfielder,0.0,0,0.0,0.0
10,94,Sadi,BOU,Midfielder,0.0,0,0.0,0.0
10,89,Philip,BOU,Midfielder,0.0,0,0.0,0.0
10,91,Sinisterra,BOU,Midfielder,0.0,0,0.0,0.0
10,92,Faivre,BOU,Midfielder,0.0,0,0.0,0.0
10,93,H.Traorè,BOU,Midfielder,0.0,0,0.0,0.0
10,99,Adu-Adjei,BOU,Forward,0.0,0,0.0,0.0
10,101,Kelleher,BRE,Goalkeeper,7.715,1,6.715,6.715
10,136,Thiago,BRE,Forward,8.185,2,6.1850000000000005,6.1850000000000005
10,129,Yarmoliuk,BRE,Midfielder,6.145,2,4.145,4.145
10,124,Henderson,BRE,Midfielder,4.35,1,3.3499999999999996,3.3499999999999996
10,126,Jensen,BRE,Midfielder,4.23,1,3.2300000000000004,3.2300000000000004
10,116,Hickey,BRE,Defender,1.85,0,1.85,1.85
10,120,Schade,BRE,Midfielder,2.505,1,1.505,1.505
10,113,Van den Berg,BRE,Defender,1.565,3,-1.435,1.435
10,106,Collins,BRE,Defender,1.115,0,1.115,1.115
10,109,Henry,BRE,Defender,1.015,0,1.015,1.015
10,123,Carvalho,BRE,Midfielder,0.0,1,-1.0,1.0
10,27,Nelson,BRE,Midfielder,0.0,1,-1.0,1.0
10,128,Onyeka,BRE,Midfielder,0.925,0,0.925,0.925
10,110,Kayode,BRE,Defender,1.735,1,0.7350000000000001,0.7350000000000001
10,121,Damsgaard,BRE,Midfielder,1.52,2,-0.48,0.48
10,83,O.Dango,BRE,Midfielder,1.625,2,-0.375,0.375
10,125,Janelt,BRE,Midfielder,1.305,1,0.30499999999999994,0.30499999999999994
10,108,Ajer,BRE,Defender,1.25,1,0.25,0.25
10,107,Lewis-Potter,BRE,Defender,1.225,1,0.2250000000000001,0.2250000000000001
10,131,Konak,BRE,Midfielder,0.0,0,0.0,0.0
10,132,Maghoma,BRE,Midfielder,0.0,0,0.0,0.0
10,133,Peart-Harris,BRE,Midfielder,0.0,0,0.0,0.0
10,137,Morgan,BRE,Forward,0.0,0,0.0,0.0
10,114,Arthur,BRE,Defender,0.0,0,0.0,0.0
10,134,Trevitt,BRE,Midfielder,0.0,0,0.0,0.0
10,115,Fredrick,BRE,Defender,0.0,0,0.0,0.0
10,117,Ji-soo,BRE,Defender,0.0,0,0.0,0.0
10,118,Meghoma,BRE,Defender,0.0,0,0.0,0.0
10,122,Milambo,BRE,Midfielder,0.0,0,0.0,0.0
10,127,Nunes,BRE,Midfielder,0.0,0,0.0,0.0
10,130,Donovan,BRE,Midfielder,0.0,0,0.0,0.0
10,112,Roerslev,BRE,Defender,0.0,0,0.0,0.0
10,102,Balcombe,BRE,Goalkeeper,0.0,0,0.0,0.0
10,103,Cox,BRE,Goalkeeper,0.0,0,0.0,0.0
10,104,Eyestone,BRE,Goalkeeper,0.0,0,0.0,0.0
10,105,Valdimarsson,BRE,Goalkeeper,0.0,0,0.0,0.0
10,111,Pinnock,BRE,Defender,0.0,0,0.0,0.0
10,205,Cullen,BUR,Midfielder,4.065,1,3.0650000000000004,3.0650000000000004
10,200,Anthony,BUR,Midfielder,4.11,2,2.1100000000000003,2.1100000000000003
10,198,Tuanzebe,BUR,Defender,1.15,3,-1.85,1.85
10,215,Flemming,BUR,Forward,2.715,1,1.7149999999999999,1.7149999999999999
10,187,Walker,BUR,Defender,2.665,1,1.665,1.665
10,192,Hartman,BUR,Defender,2.505,1,1.505,1.505
10,217,Foster,BUR,Forward,1.325,0,1.325,1.325
10,722,Florentino,BUR,Midfielder,3.175,2,1.1749999999999998,1.1749999999999998
10,191,Estève,BUR,Defender,-0.14,1,-1.1400000000000001,1.1400000000000001
10,206,Edwards,BUR,Midfielder,0.0,1,-1.0,1.0
10,210,Tchaouna,BUR,Midfielder,1.85,1,0.8500000000000001,0.8500000000000001
10,676,Ugochukwu,BUR,Midfielder,2.465,2,0.46499999999999986,0.46499999999999986
10,209,Laurent,BUR,Midfielder,1.74,2,-0.26,0.26
10,470,Dúbravka,BUR,Goalkeeper,2.235,2,0.23499999999999988,0.23499999999999988
10,207,Hannibal,BUR,Midfielder,1.06,1,0.06000000000000005,0.06000000000000005
10,218,Barnes,BUR,Forward,0.05,0,0.05,0.05
10,190,Ekdal,BUR,Defender,0.045,0,0.045,0.045
10,199,Worrall,BUR,Defender,0.02,0,0.02,0.02
10,680,Broja,BUR,Forward,0.99,1,-0.010000000000000009,0.010000000000000009
10,202,Bruun Larsen,BUR,Midfielder,1.0,1,0.0,0.0
10,208,Koleosho,BUR,Midfielder,0.0,0,0.0,0.0
10,211,A.Ramsey,BUR,Midfielder,0.0,0,0.0,0.0
10,186,Roberts,BUR,Defender,0.0,0,0.0,0.0
10,188,Delcroix,BUR,Defender,0.0,0,0.0,0.0
10,189,Dodgson,BUR,Defender,0.0,0,0.0,0.0
10,183,Weiss,BUR,Goalkeeper,0.0,0,0.0,0.0
10,213,Banel,BUR,Midfielder,0.0,0,0.0,0.0
10,214,Trésor,BUR,Midfielder,0.0,0,0.0,0.0
10,216,Amdouni,BUR,Forward,0.0,0,0.0,0.0
10,219,Obafemi,BUR,Forward,0.0,0,0.0,0.0
10,212,Adewumi,BUR,Midfielder,0.0,0,0.0,0.0
10,204,Churlinov,BUR,Midfielder,0.0,0,0.0,0.0
10,203,Boateng,BUR,Midfielder,0.0,0,0.0,0.0
10,193,Humphreys,BUR,Defender,0.0,0,0.0,0.0
10,201,Benson,BUR,Midfielder,0.0,0,0.0,0.0
10,194,Jordan,BUR,Defender,0.0,0,0.0,0.0
10,195,Lucas Pires,BUR,Defender,0.0,0,0.0,0.0
10,196,Sambo,BUR,Defender,0.0,0,0.0,0.0
10,197,Sonne,BUR,Defender,0.0,0,0.0,0.0
10,184,Green,BUR,Goalkeeper,0.0,0,0.0,0.0
10,185,Hladký,BUR,Goalkeeper,0.0,0,0.0,0.0
10,241,Caicedo,CHE,Midfielder,1.9,10,-8.1,8.1
10,249,João Pedro,CHE,Forward,1.625,9,-7.375,7.375
10,230,Fofana,CHE,Defender,0.0,6,-6.0,6.0
10,237,Enzo,CHE,Midfielder,7.935,2,5.935,5.935
10,228,Gusto,CHE,Defender,0.07,6,-5.93,5.93
10,224,Cucurella,CHE,Defender,1.33,7,-5.67,5.67
10,226,Chalobah,CHE,Defender,1.595,7,-5.405,5.405
10,220,Sánchez,CHE,Goalkeeper,0.745,6,-5.255,5.255
10,453,Garnacho,CHE,Midfielder,0.21,3,-2.79,2.79
10,225,James,CHE,Defender,4.74,7,-2.26,2.26
10,672,Hato,CHE,Defender,1.53,0,1.53,1.53
10,238,Estêvão,CHE,Midfielder,2.47,1,1.4700000000000002,1.4700000000000002
10,233,Acheampong,CHE,Defender,1.345,0,1.345,1.345
10,246,Andrey Santos,CHE,Midfielder,1.015,0,1.015,1.015
10,232,Tosin,CHE,Defender,0.0,1,-1.0,1.0
10,239,Gittens,CHE,Midfielder,0.05,1,-0.95,0.95
10,236,Neto,CHE,Midfielder,2.23,3,-0.77,0.77
10,252,Marc Guiu,CHE,Forward,0.485,0,0.485,0.485
10,244,Lavia,CHE,Midfielder,0.955,1,-0.04500000000000004,0.04500000000000004
10,251,N.Jackson,CHE,Forward,0.0,0,0.0,0.0
10,250,Delap,CHE,Forward,0.0,0,0.0,0.0
10,243,George,CHE,Midfielder,0.0,0,0.0,0.0
10,245,Mudryk,CHE,Midfielder,0.0,0,0.0,0.0
10,247,D.Essugo,CHE,Midfielder,0.0,0,0.0,0.0
10,248,Paez,CHE,Midfielder,0.0,0,0.0,0.0
10,234,Anselmino,CHE,Defender,0.0,0,0.0,0.0
10,235,Palmer,CHE,Midfielder,0.0,0,0.0,0.0
10,240,Nkunku,CHE,Midfielder,0.0,0,0.0,0.0
10,229,B.Badiashile,CHE,Defender,0.0,0,0.0,0.0
10,221,Jörgensen,CHE,Goalkeeper,0.0,0,0.0,0.0
10,222,Penders,CHE,Goalkeeper,0.0,0,0.0,0.0
10,223,Slonina,CHE,Goalkeeper,0.0,0,0.0,0.0
10,227,Colwill,CHE,Defender,0.0,0,0.0,0.0
10,231,M.Sarr,CHE,Defender,0.0,0,0.0,0.0
10,168,Buonanotte,CHE,Midfielder,0.0,0,0.0,0.0
10,743,Emenalo,CHE,Midfielder,0.0,0,0.0,0.0
10,272,Lerma,CRY,Midfielder,0.915,10,-9.085,9.085
10,267,Sarr,CRY,Midfielder,9.89,3,6.890000000000001,6.890000000000001
10,283,Mateta,CRY,Forward,2.21,9,-6.79,6.79
10,257,Lacroix,CRY,Defender,3.21,8,-4.79,4.79
10,253,Henderson,CRY,Goalkeeper,1.9,6,-4.1,4.1
10,256,Muñoz,CRY,Defender,2.305,6,-3.695,3.695
10,284,Nketiah,CRY,Forward,3.57,0,3.57,3.57
10,260,Guéhi,CRY,Defender,7.005,10,-2.995,2.995
10,258,Mitchell,CRY,Defender,3.195,6,-2.805,2.805
10,261,Richards,CRY,Defender,3.47,6,-2.53,2.53
10,273,Wharton,CRY,Midfielder,2.33,0,2.33,2.33
10,723,Canvot,CRY,Defender,0.0,1,-1.0,1.0
10,271,Kamada,CRY,Midfielder,4.35,5,-0.6500000000000004,0.6500000000000004
10,712,Yeremy,CRY,Midfielder,2.55,3,-0.4500000000000002,0.4500000000000002
10,276,Devenny,CRY,Midfielder,1.01,1,0.010000000000000009,0.010000000000000009
10,270,Hughes,CRY,Midfielder,1.01,1,0.010000000000000009,0.010000000000000009
10,255,Matthews,CRY,Goalkeeper,0.0,0,0.0,0.0
10,285,Édouard,CRY,Forward,0.0,0,0.0,0.0
10,286,Marsh,CRY,Forward,0.0,0,0.0,0.0
10,259,Sosa,CRY,Defender,0.0,0,0.0,0.0
10,690,Cardines,CRY,Midfielder,0.0,0,0.0,0.0
10,281,Rodney,CRY,Midfielder,0.0,0,0.0,0.0
10,282,Umeh,CRY,Midfielder,0.0,0,0.0,0.0
10,732,Uche,CRY,Forward,0.0,0,0.0,0.0
10,262,Chadi Riad,CRY,Defender,0.0,0,0.0,0.0
10,263,Clyne,CRY,Defender,0.0,0,0.0,0.0
10,264,Holding,CRY,Defender,0.0,0,0.0,0.0
10,265,Kporha,CRY,Defender,0.0,0,0.0,0.0
10,268,Doucouré,CRY,Midfielder,0.0,0,0.0,0.0
10,269,Esse,CRY,Midfielder,0.0,0,0.0,0.0
10,254,Benitez,CRY,Goalkeeper,0.0,0,0.0,0.0
10,274,Agbinone,CRY,Midfielder,0.0,0,0.0,0.0
10,275,Ahamada,CRY,Midfielder,0.0,0,0.0,0.0
10,277,Ebiowei,CRY,Midfielder,0.0,0,0.0,0.0
10,278,J.Rak-Sakyi,CRY,Midfielder,0.0,0,0.0,0.0
10,279,M.França,CRY,Midfielder,0.0,0,0.0,0.0
10,280,Ozoh,CRY,Midfielder,0.0,0,0.0,0.0
10,299,Ndiaye,EVE,Midfielder,2.005,9,-6.995,6.995
10,295,Keane,EVE,Defender,8.86,4,4.859999999999999,4.859999999999999
10,303,Garner,EVE,Midfielder,6.035,2,4.035,4.035
10,302,Gana,EVE,Midfielder,1.555,4,-2.4450000000000003,2.4450000000000003
10,292,Mykolenko,EVE,Defender,0.865,2,-1.135,1.135
10,707,Dibling,EVE,Midfielder,1.02,0,1.02,1.02
10,310,Barry,EVE,Forward,1.01,0,1.01,1.01
10,300,McNeil,EVE,Midfielder,0.035,1,-0.965,0.965
10,291,Tarkowski,EVE,Defender,1.11,2,-0.8899999999999999,0.8899999999999999
10,304,Iroegbunam,EVE,Midfielder,0.15,1,-0.85,0.85
10,242,Dewsbury-Hall,EVE,Midfielder,1.17,2,-0.8300000000000001,0.8300000000000001
10,301,Alcaraz,EVE,Midfielder,0.615,0,0.615,0.615
10,419,Grealish,EVE,Midfielder,1.525,2,-0.4750000000000001,0.4750000000000001
10,287,Pickford,EVE,Goalkeeper,1.545,2,-0.45500000000000007,0.45500000000000007
10,311,Beto,EVE,Forward,1.425,1,0.42500000000000004,0.42500000000000004
10,293,O'Brien,EVE,Defender,1.82,2,-0.17999999999999994,0.17999999999999994
10,294,Coleman,EVE,Defender,0.03,0,0.03,0.03
10,667,Aznou,EVE,Defender,0.0,0,0.0,0.0
10,705,Campbell,EVE,Defender,0.0,0,0.0,0.0
10,307,Ebere,EVE,Midfielder,0.0,0,0.0,0.0
10,308,Heath,EVE,Midfielder,0.0,0,0.0,0.0
10,728,Röhl,EVE,Midfielder,0.0,0,0.0,0.0
10,630,King,EVE,Goalkeeper,0.0,0,0.0,0.0
10,704,Onyango,EVE,Midfielder,0.0,0,0.0,0.0
10,309,Metcalfe,EVE,Midfielder,0.0,0,0.0,0.0
10,312,Y.Chermiti,EVE,Forward,0.0,0,0.0,0.0
10,313,Sherif,EVE,Forward,0.0,0,0.0,0.0
10,288,Travers,EVE,Goalkeeper,0.0,0,0.0,0.0
10,289,Tyrer,EVE,Goalkeeper,0.0,0,0.0,0.0
10,290,Branthwaite,EVE,Defender,0.0,0,0.0,0.0
10,296,Patterson,EVE,Defender,0.0,0,0.0,0.0
10,298,Welch,EVE,Defender,0.0,0,0.0,0.0
10,305,Armstrong,EVE,Midfielder,0.0,0,0.0,0.0
10,306,Bates,EVE,Midfielder,0.0,0,0.0,0.0
10,297,Dixon,EVE,Defender,0.0,0,0.0,0.0
10,328,Sessegnon,FUL,Midfielder,1.515,14,-12.485,12.485
10,329,Wilson,FUL,Midfielder,0.925,10,-9.075,9.075
10,314,Leno,FUL,Goalkeeper,0.965,7,-6.035,6.035
10,322,Tete,FUL,Defender,0.0,6,-6.0,6.0
10,318,Bassey,FUL,Defender,0.005,6,-5.995,5.995
10,330,Berge,FUL,Midfielder,1.555,5,-3.4450000000000003,3.4450000000000003
10,319,Castagne,FUL,Defender,3.105,0,3.105,3.105
10,317,Andersen,FUL,Defender,3.235,6,-2.765,2.765
10,335,King,FUL,Midfielder,0.815,3,-2.185,2.185
10,731,Kevin,FUL,Midfielder,1.01,3,-1.99,1.99
10,332,Lukić,FUL,Midfielder,1.635,0,1.635,1.635
10,324,Iwobi,FUL,Midfielder,1.82,3,-1.18,1.18
10,316,Robinson,FUL,Defender,1.01,0,1.01,1.01
10,338,Muniz,FUL,Forward,0.0,1,-1.0,1.0
10,331,Cairney,FUL,Midfielder,0.31,1,-0.69,0.69
10,326,Adama,FUL,Midfielder,1.6,1,0.6000000000000001,0.6000000000000001
10,337,Raúl,FUL,Forward,4.595,5,-0.40500000000000025,0.40500000000000025
10,320,Diop,FUL,Defender,0.335,0,0.335,0.335
10,321,J.Cuenca,FUL,Defender,0.185,0,0.185,0.185
10,727,Chukwueze,FUL,Midfielder,1.145,1,0.14500000000000002,0.14500000000000002
10,737,Kusi-Asare,FUL,Forward,0.045,0,0.045,0.045
10,325,Smith Rowe,FUL,Midfielder,1.01,1,0.010000000000000009,0.010000000000000009
10,664,Lecomte,FUL,Goalkeeper,0.0,0,0.0,0.0
10,336,Reed,FUL,Midfielder,0.0,0,0.0,0.0
10,323,Amissah,FUL,Defender,0.0,0,0.0,0.0
10,327,Andreas,FUL,Midfielder,0.0,0,0.0,0.0
10,334,Harris,FUL,Midfielder,0.0,0,0.0,0.0
10,333,Godo,FUL,Midfielder,0.0,0,0.0,0.0
10,315,Benda,FUL,Goalkeeper,0.0,0,0.0,0.0
10,493,Longstaff,LEE,Midfielder,8.54,1,7.539999999999999,7.539999999999999
10,348,Rodon,LEE,Defender,3.37,1,2.37,2.37
10,665,Perri,LEE,Goalkeeper,0.005,2,-1.995,1.995
10,341,Darlow,LEE,Goalkeeper,1.645,0,1.645,1.645
10,358,Tanaka,LEE,Midfielder,0.58,2,-1.42,1.42
10,342,Bogle,LEE,Defender,2.355,1,1.355,1.355
10,343,Struijk,LEE,Defender,1.3,0,1.3,1.3
10,350,Aaronson,LEE,Midfielder,3.23,2,1.23,1.23
10,706,Justin,LEE,Defender,0.005,1,-0.995,0.995
10,353,James,LEE,Midfielder,0.01,1,-0.99,0.99
10,344,Bijol,LEE,Defender,0.025,1,-0.975,0.975
10,660,Stach,LEE,Midfielder,1.815,1,0.815,0.815
10,691,Calvert-Lewin,LEE,Forward,1.605,2,-0.395,0.395
10,698,Okafor,LEE,Midfielder,1.72,2,-0.28,0.28
10,352,Harrison,LEE,Midfielder,1.125,1,0.125,0.125
10,347,Gudmundsson,LEE,Defender,0.91,1,-0.08999999999999997,0.08999999999999997
10,362,Piroe,LEE,Forward,0.05,0,0.05,0.05
10,354,Ampadu,LEE,Midfielder,1.035,1,0.03499999999999992,0.03499999999999992
10,365,Nmecha,LEE,Forward,1.005,1,0.004999999999999893,0.004999999999999893
10,349,Schmidt,LEE,Defender,0.0,0,0.0,0.0
10,339,Meslier,LEE,Goalkeeper,0.0,0,0.0,0.0
10,356,Gruev,LEE,Midfielder,0.0,0,0.0,0.0
10,357,Ramazani,LEE,Midfielder,0.0,0,0.0,0.0
10,340,Cairns,LEE,Goalkeeper,0.0,0,0.0,0.0
10,345,Bornauw,LEE,Defender,0.0,0,0.0,0.0
10,346,Byram,LEE,Defender,0.0,0,0.0,0.0
10,741,Gray,LEE,Forward,0.0,0,0.0,0.0
10,351,Gnonto,LEE,Midfielder,0.0,0,0.0,0.0
10,355,Greenwood,LEE,Midfielder,0.0,0,0.0,0.0
10,359,Crew,LEE,Midfielder,0.0,0,0.0,0.0
10,361,Gyabi,LEE,Midfielder,0.0,0,0.0,0.0
10,363,Bamford,LEE,Forward,0.0,0,0.0,0.0
10,364,Mateo Joseph,LEE,Forward,0.0,0,0.0,0.0
10,360,Gelhardt,LEE,Midfielder,0.0,0,0.0,0.0
10,381,M.Salah,LIV,Midfielder,1.955,10,-8.045,8.045
10,372,Robertson,LIV,Defender,0.0,8,-8.0,8.0
10,367,Mamardashvili,LIV,Goalkeeper,0.155,7,-6.845,6.845
10,374,Konaté,LIV,Defender,2.29,8,-5.71,5.71
10,375,Bradley,LIV,Defender,1.075,6,-4.925,4.925
10,390,Gravenberch,LIV,Midfielder,6.495,11,-4.505,4.505
10,386,Mac Allister,LIV,Midfielder,1.665,6,-4.335,4.335
10,373,Virgil,LIV,Defender,1.85,5,-3.15,3.15
10,385,Chiesa,LIV,Midfielder,2.15,0,2.15,2.15
10,499,Isak,LIV,Forward,1.61,0,1.61,1.61
10,384,Gakpo,LIV,Midfielder,1.455,3,-1.545,1.545
10,661,Ekitiké,LIV,Forward,0.565,2,-1.435,1.435
10,366,A.Becker,LIV,Goalkeeper,1.28,0,1.28,1.28
10,387,Szoboszlai,LIV,Midfielder,3.14,2,1.1400000000000001,1.1400000000000001
10,388,C.Jones,LIV,Midfielder,1.085,0,1.085,1.085
10,686,Ngumoha,LIV,Midfielder,1.02,0,1.02,1.02
10,370,Frimpong,LIV,Defender,1.01,0,1.01,1.01
10,371,Kerkez,LIV,Defender,0.67,0,0.67,0.67
10,382,Wirtz,LIV,Midfielder,1.67,1,0.6699999999999999,0.6699999999999999
10,392,Endo,LIV,Midfielder,0.025,0,0.025,0.025
10,376,Gomez,LIV,Defender,0.02,0,0.02,0.02
10,746,Morrison,LIV,Midfielder,0.0,0,0.0,0.0
10,398,Danns,LIV,Forward,0.0,0,0.0,0.0
10,369,Woodman,LIV,Goalkeeper,0.0,0,0.0,0.0
10,397,Darwin,LIV,Forward,0.0,0,0.0,0.0
10,396,Nyoni,LIV,Midfielder,0.0,0,0.0,0.0
10,692,Leoni,LIV,Defender,0.0,0,0.0,0.0
10,379,R.Williams,LIV,Defender,0.0,0,0.0,0.0
10,380,Ramsay,LIV,Defender,0.0,0,0.0,0.0
10,383,Luis Díaz,LIV,Midfielder,0.0,0,0.0,0.0
10,393,Bajcetic,LIV,Midfielder,0.0,0,0.0,0.0
10,394,McConnell,LIV,Midfielder,0.0,0,0.0,0.0
10,395,Morton,LIV,Midfielder,0.0,0,0.0,0.0
10,368,Pécsi,LIV,Goalkeeper,0.0,0,0.0,0.0
10,377,Tsimikas,LIV,Defender,0.0,0,0.0,0.0
10,378,Nallo,LIV,Defender,0.0,0,0.0,0.0
10,417,Cherki,MCI,Midfielder,0.01,10,-9.99,9.99
10,418,Doku,MCI,Midfielder,8.065,2,6.0649999999999995,6.0649999999999995
10,407,Matheus N.,MCI,Defender,7.41,2,5.41,5.41
10,411,O’Reilly,MCI,Defender,3.535,8,-4.465,4.465
10,430,Haaland,MCI,Forward,9.735,13,-3.2650000000000006,3.2650000000000006
10,414,Foden,MCI,Midfielder,0.985,4,-3.015,3.015
10,423,N.Gonzalez,MCI,Midfielder,1.355,4,-2.645,2.645
10,424,Bobb,MCI,Midfielder,1.05,0,1.05,1.05
10,410,Lewis,MCI,Defender,1.005,0,1.005,1.005
10,402,Aït-Nouri,MCI,Defender,0.0,1,-1.0,1.0
10,421,Rodrigo,MCI,Midfielder,0.045,1,-0.955,0.955
10,405,Aké,MCI,Defender,0.95,0,0.95,0.95
10,416,Bernardo,MCI,Midfielder,1.065,2,-0.935,0.935
10,413,Marmoush,MCI,Midfielder,0.165,1,-0.835,0.835
10,427,Reijnders,MCI,Midfielder,1.61,1,0.6100000000000001,0.6100000000000001
10,403,Gvardiol,MCI,Defender,1.575,2,-0.42500000000000004,0.42500000000000004
10,415,Savinho,MCI,Midfielder,1.425,1,0.42500000000000004,0.42500000000000004
10,408,Rúben,MCI,Defender,2.31,2,0.31000000000000005,0.31000000000000005
10,736,Donnarumma,MCI,Goalkeeper,1.785,2,-0.21500000000000008,0.21500000000000008
10,422,Kovačić,MCI,Midfielder,0.025,0,0.025,0.025
10,182,Trafford,MCI,Goalkeeper,0.0,0,0.0,0.0
10,740,Mfuni,MCI,Defender,0.0,0,0.0,0.0
10,399,Ederson M.,MCI,Goalkeeper,0.0,0,0.0,0.0
10,429,Phillips,MCI,Midfielder,0.0,0,0.0,0.0
10,400,Ortega Moreno,MCI,Goalkeeper,0.0,0,0.0,0.0
10,401,Bettinelli,MCI,Goalkeeper,0.0,0,0.0,0.0
10,404,Akanji,MCI,Defender,0.0,0,0.0,0.0
10,406,Khusanov,MCI,Defender,0.0,0,0.0,0.0
10,409,Stones,MCI,Defender,0.0,0,0.0,0.0
10,742,McAidoo,MCI,Midfielder,0.0,0,0.0,0.0
10,739,Mukasa,MCI,Midfielder,0.0,0,0.0,0.0
10,428,Nypan,MCI,Midfielder,0.0,0,0.0,0.0
10,412,Vitor Reis,MCI,Defender,0.0,0,0.0,0.0
10,420,Gündoğan,MCI,Midfielder,0.0,0,0.0,0.0
10,425,Echeverri,MCI,Midfielder,0.0,0,0.0,0.0
10,457,Casemiro,MUN,Midfielder,1.665,12,-10.335,10.335
10,452,Amad,MUN,Midfielder,0.8,9,-8.2,8.2
10,449,B.Fernandes,MUN,Midfielder,1.535,5,-3.465,3.465
10,119,Mbeumo,MUN,Midfielder,4.91,2,2.91,2.91
10,450,Cunha,MUN,Midfielder,1.355,4,-2.645,2.645
10,459,Ugarte,MUN,Midfielder,2.2,0,2.2,2.2
10,681,Šeško,MUN,Forward,4.16,2,2.16,2.16
10,436,De Ligt,MUN,Defender,2.295,1,1.295,1.295
10,431,Bayindir,MUN,Goalkeeper,1.045,0,1.045,1.045
10,441,Dorgu,MUN,Defender,-0.015,1,-1.015,1.015
10,466,Zirkzee,MUN,Forward,0.995,0,0.995,0.995
10,458,Mainoo,MUN,Midfielder,0.995,0,0.995,0.995
10,442,Maguire,MUN,Defender,0.955,0,0.955,0.955
10,455,Mount,MUN,Midfielder,0.935,0,0.935,0.935
10,443,Shaw,MUN,Defender,1.445,1,0.44500000000000006,0.44500000000000006
10,440,Dalot,MUN,Defender,0.815,1,-0.18500000000000005,0.18500000000000005
10,444,Yoro,MUN,Defender,0.915,1,-0.08499999999999996,0.08499999999999996
10,447,Heaven,MUN,Defender,-0.015,0,-0.015,0.015
10,733,Lammens,MUN,Goalkeeper,1.01,1,0.010000000000000009,0.010000000000000009
10,432,Onana,MUN,Goalkeeper,0.0,0,0.0,0.0
10,433,Harrison,MUN,Goalkeeper,0.0,0,0.0,0.0
10,434,Heaton,MUN,Goalkeeper,0.0,0,0.0,0.0
10,465,Højlund,MUN,Forward,0.0,0,0.0,0.0
10,467,Obi,MUN,Forward,0.0,0,0.0,0.0
10,468,Wheatley,MUN,Forward,0.0,0,0.0,0.0
10,435,Mee,MUN,Goalkeeper,0.0,0,0.0,0.0
10,437,Martinez,MUN,Defender,0.0,0,0.0,0.0
10,438,Mazraoui,MUN,Defender,0.0,0,0.0,0.0
10,439,D.Leon,MUN,Defender,0.0,0,0.0,0.0
10,445,Amass,MUN,Defender,0.0,0,0.0,0.0
10,446,Fredricson,MUN,Defender,0.0,0,0.0,0.0
10,448,Malacia,MUN,Defender,0.0,0,0.0,0.0
10,454,Antony,MUN,Midfielder,0.0,0,0.0,0.0
10,460,Collyer,MUN,Midfielder,0.0,0,0.0,0.0
10,461,Fitzgerald,MUN,Midfielder,0.0,0,0.0,0.0
10,462,J.Fletcher,MUN,Midfielder,0.0,0,0.0,0.0
10,463,Kone,MUN,Midfielder,0.0,0,0.0,0.0
10,464,Moorhouse,MUN,Midfielder,0.0,0,0.0,0.0
10,451,Rashford,MUN,Midfielder,0.0,0,0.0,0.0
10,489,J.Murphy,NEW,Midfielder,1.53,8,-6.47,6.47
10,714,Woltemade,NEW,Forward,5.855,1,4.855,4.855
10,477,Livramento,NEW,Defender,4.265,0,4.265,4.265
10,491,Tonali,NEW,Midfielder,5.8,2,3.8,3.8
10,475,Botman,NEW,Defender,1.77,-1,2.77,2.77
10,488,Bruno G.,NEW,Midfielder,5.475,4,1.4749999999999996,1.4749999999999996
10,485,Gordon,NEW,Midfielder,2.45,1,1.4500000000000002,1.4500000000000002
10,684,Thiaw,NEW,Defender,2.3,1,1.2999999999999998,1.2999999999999998
10,469,Pope,NEW,Goalkeeper,1.79,3,-1.21,1.21
10,474,Schär,NEW,Defender,0.085,1,-0.915,0.915
10,478,Trippier,NEW,Defender,0.745,0,0.745,0.745
10,490,Joelinton,NEW,Midfielder,2.495,2,0.4950000000000001,0.4950000000000001
10,497,L.Miley,NEW,Midfielder,0.35,0,0.35,0.35
10,476,Burn,NEW,Defender,0.83,1,-0.17000000000000004,0.17000000000000004
10,500,Osula,NEW,Forward,0.845,1,-0.15500000000000003,0.15500000000000003
10,486,Elanga,NEW,Midfielder,0.965,1,-0.03500000000000003,0.03500000000000003
10,52,J.Ramsey,NEW,Midfielder,0.01,0,0.01,0.01
10,487,Barnes,NEW,Midfielder,1.005,1,0.004999999999999893,0.004999999999999893
10,674,Ramsdale,NEW,Goalkeeper,0.0,0,0.0,0.0
10,135,Wissa,NEW,Forward,0.0,0,0.0,0.0
10,689,Seung soo,NEW,Midfielder,0.0,0,0.0,0.0
10,471,Gillespie,NEW,Goalkeeper,0.0,0,0.0,0.0
10,472,Odysseas,NEW,Goalkeeper,0.0,0,0.0,0.0
10,473,Hall,NEW,Defender,0.0,0,0.0,0.0
10,479,Krafth,NEW,Defender,0.0,0,0.0,0.0
10,480,Lascelles,NEW,Defender,0.0,0,0.0,0.0
10,481,A.Murphy,NEW,Defender,0.0,0,0.0,0.0
10,483,Pivas,NEW,Defender,0.0,0,0.0,0.0
10,484,Targett,NEW,Defender,0.0,0,0.0,0.0
10,492,Antoñito C.,NEW,Midfielder,0.0,0,0.0,0.0
10,494,Willock,NEW,Midfielder,0.0,0,0.0,0.0
10,495,Hayden,NEW,Midfielder,0.0,0,0.0,0.0
10,496,Kuol,NEW,Midfielder,0.0,0,0.0,0.0
10,498,White,NEW,Midfielder,0.0,0,0.0,0.0
10,482,Ashby,NEW,Defender,0.0,0,0.0,0.0
10,501,Neave,NEW,Forward,0.0,0,0.0,0.0
10,716,Savona,NFO,Defender,0.05,7,-6.95,6.95
10,515,Gibbs-White,NFO,Midfielder,1.08,8,-6.92,6.92
10,522,Yates,NFO,Midfielder,0.0,5,-5.0,5.0
10,526,Igor Jesus,NFO,Forward,0.925,5,-4.075,4.075
10,506,Murillo,NFO,Defender,0.0,3,-3.0,3.0
10,511,Morato,NFO,Defender,1.91,0,1.91,1.91
10,525,Wood,NFO,Forward,1.875,0,1.875,1.875
10,517,Anderson,NFO,Midfielder,2.535,4,-1.4649999999999999,1.4649999999999999
10,12,Zinchenko,NFO,Defender,1.375,0,1.375,1.375
10,734,Bakwa,NFO,Midfielder,1.355,0,1.355,1.355
10,516,Hudson-Odoi,NFO,Midfielder,0.93,2,-1.0699999999999998,1.0699999999999998
10,696,Kalimuendo,NFO,Forward,1.055,0,1.055,1.055
10,426,McAtee,NFO,Midfielder,1.005,0,1.005,1.005
10,527,Awoniyi,NFO,Forward,0.0,1,-1.0,1.0
10,699,Douglas Luiz,NFO,Midfielder,0.025,1,-0.975,0.975
10,521,Sangaré,NFO,Midfielder,0.025,1,-0.975,0.975
10,693,Hutchinson,NFO,Midfielder,0.95,0,0.95,0.95
10,669,Ndoye,NFO,Midfielder,1.165,1,0.16500000000000004,0.16500000000000004
10,508,N.Williams,NFO,Defender,0.85,1,-0.15000000000000002,0.15000000000000002
10,502,Sels,NFO,Goalkeeper,1.94,2,-0.06000000000000005,0.06000000000000005
10,519,Dominguez,NFO,Midfielder,0.035,0,0.035,0.035
10,505,Milenković,NFO,Defender,1.025,1,0.02499999999999991,0.02499999999999991
10,520,O'Brien,NFO,Midfielder,0.0,0,0.0,0.0
10,523,Da Silva Moreira,NFO,Midfielder,0.0,0,0.0,0.0
10,524,Stamenic,NFO,Midfielder,0.0,0,0.0,0.0
10,514,Boly,NFO,Defender,0.0,0,0.0,0.0
10,518,Jota,NFO,Midfielder,0.0,0,0.0,0.0
10,675,Gunn,NFO,Goalkeeper,0.0,0,0.0,0.0
10,729,Cuiabano,NFO,Defender,0.0,0,0.0,0.0
10,715,John,NFO,Goalkeeper,0.0,0,0.0,0.0
10,513,Abbott,NFO,Defender,0.0,0,0.0,0.0
10,503,C.Miguel,NFO,Goalkeeper,0.0,0,0.0,0.0
10,504,Turner,NFO,Goalkeeper,0.0,0,0.0,0.0
10,507,Aina,NFO,Defender,0.0,0,0.0,0.0
10,509,David Carmo,NFO,Defender,0.0,0,0.0,0.0
10,510,Jair Cunha,NFO,Defender,0.0,0,0.0,0.0
10,512,O.Richards,NFO,Defender,0.0,0,0.0,0.0
10,683,Alderete,SUN,Defender,10.335,0,10.335,10.335
10,694,Mukiele,SUN,Defender,7.835,1,6.835,6.835
10,670,Roefs,SUN,Goalkeeper,7.365,2,5.365,5.365
10,547,E.Le Fée,SUN,Midfielder,2.71,6,-3.29,3.29
10,532,Hume,SUN,Defender,3.595,1,2.595,2.595
10,531,Ballard,SUN,Defender,1.435,4,-2.565,2.565
10,541,Reinildo,SUN,Defender,0.0,2,-2.0,2.0
10,553,Talbi,SUN,Midfielder,2.955,1,1.955,1.955
10,552,Sadiki,SUN,Midfielder,1.675,3,-1.325,1.325
10,668,Xhaka,SUN,Midfielder,8.75,10,-1.25,1.25
10,735,Traoré,SUN,Midfielder,0.88,2,-1.12,1.12
10,551,Rigg,SUN,Midfielder,1.115,0,1.115,1.115
10,543,Adingra,SUN,Midfielder,1.0,0,1.0,1.0
10,724,Geertruida,SUN,Defender,1.09,2,-0.9099999999999999,0.9099999999999999
10,560,Isidor,SUN,Forward,1.455,2,-0.5449999999999999,0.5449999999999999
10,730,Brobbey,SUN,Forward,0.775,1,-0.22499999999999998,0.22499999999999998
10,549,Neil,SUN,Midfielder,0.005,0,0.005,0.005
10,564,Rusyn,SUN,Forward,0.0,0,0.0,0.0
10,563,Luís Hemir,SUN,Forward,0.0,0,0.0,0.0
10,559,Triantis,SUN,Midfielder,0.0,0,0.0,0.0
10,561,Mayenda,SUN,Forward,0.0,0,0.0,0.0
10,562,Abdullahi,SUN,Forward,0.0,0,0.0,0.0
10,528,Patterson,SUN,Goalkeeper,0.0,0,0.0,0.0
10,529,Moore,SUN,Goalkeeper,0.0,0,0.0,0.0
10,530,Nna Noukeu,SUN,Goalkeeper,0.0,0,0.0,0.0
10,534,Anderson,SUN,Defender,0.0,0,0.0,0.0
10,535,Cirkin,SUN,Defender,0.0,0,0.0,0.0
10,536,Hjelde,SUN,Defender,0.0,0,0.0,0.0
10,537,Huggins,SUN,Defender,0.0,0,0.0,0.0
10,538,Johnson,SUN,Defender,0.0,0,0.0,0.0
10,539,O'Nien,SUN,Defender,0.0,0,0.0,0.0
10,540,Pembele,SUN,Defender,0.0,0,0.0,0.0
10,533,Alese,SUN,Defender,0.0,0,0.0,0.0
10,558,Matete,SUN,Midfielder,0.0,0,0.0,0.0
10,542,Seelt,SUN,Defender,0.0,0,0.0,0.0
10,544,Diarra,SUN,Midfielder,0.0,0,0.0,0.0
10,545,Roberts,SUN,Midfielder,0.0,0,0.0,0.0
10,546,Aleksić,SUN,Midfielder,0.0,0,0.0,0.0
10,548,Mundle,SUN,Midfielder,0.0,0,0.0,0.0
10,550,Poveda,SUN,Midfielder,0.0,0,0.0,0.0
10,554,Ba,SUN,Midfielder,0.0,0,0.0,0.0
10,555,Browne,SUN,Midfielder,0.0,0,0.0,0.0
10,556,Ekwah,SUN,Midfielder,0.0,0,0.0,0.0
10,557,H.Jones,SUN,Midfielder,0.0,0,0.0,0.0
10,678,Masuaku,SUN,Defender,0.0,0,0.0,0.0
10,585,Bentancur,TOT,Midfielder,3.61,0,3.61,3.61
10,565,Vicario,TOT,Goalkeeper,1.675,4,-2.325,2.325
10,673,J.Palhinha,TOT,Midfielder,6.13,4,2.13,2.13
10,717,Xavi,TOT,Midfielder,1.01,3,-1.99,1.99
10,726,Kolo Muani,TOT,Forward,0.04,2,-1.96,1.96
10,575,Van de Ven,TOT,Defender,3.865,2,1.8650000000000002,1.8650000000000002
10,593,P.M.Sarr,TOT,Midfielder,2.415,4,-1.585,1.585
10,582,Kudus,TOT,Midfielder,2.435,1,1.435,1.435
10,584,Tel,TOT,Midfielder,1.35,0,1.35,1.35
10,570,Danso,TOT,Defender,1.19,0,1.19,1.19
10,574,Udogie,TOT,Defender,1.81,1,0.81,0.81
10,568,Pedro Porro,TOT,Defender,1.61,2,-0.3899999999999999,0.3899999999999999
10,573,Spence,TOT,Defender,1.64,2,-0.3600000000000001,0.3600000000000001
10,569,Romero,TOT,Defender,1.29,1,0.29000000000000004,0.29000000000000004
10,580,Johnson,TOT,Midfielder,0.76,1,-0.24,0.24
10,588,Odobert,TOT,Midfielder,1.13,1,0.1299999999999999,0.1299999999999999
10,597,Richarlison,TOT,Forward,0.895,1,-0.10499999999999998,0.10499999999999998
10,586,Bergvall,TOT,Midfielder,0.97,1,-0.030000000000000027,0.030000000000000027
10,592,Moore,TOT,Midfielder,0.0,0,0.0,0.0
10,566,Austin,TOT,Goalkeeper,0.0,0,0.0,0.0
10,594,Min-hyeok,TOT,Midfielder,0.0,0,0.0,0.0
10,595,Olusesi,TOT,Midfielder,0.0,0,0.0,0.0
10,596,Solanke,TOT,Forward,0.0,0,0.0,0.0
10,598,Lankshear,TOT,Forward,0.0,0,0.0,0.0
10,599,Scarlett,TOT,Forward,0.0,0,0.0,0.0
10,571,Davies,TOT,Defender,0.0,0,0.0,0.0
10,567,Kinsky,TOT,Goalkeeper,0.0,0,0.0,0.0
10,572,Dragusin,TOT,Defender,0.0,0,0.0,0.0
10,576,Phillips,TOT,Defender,0.0,0,0.0,0.0
10,577,Takai,TOT,Defender,0.0,0,0.0,0.0
10,578,Vuskovic,TOT,Defender,0.0,0,0.0,0.0
10,579,Son,TOT,Midfielder,0.0,0,0.0,0.0
10,581,Maddison,TOT,Midfielder,0.0,0,0.0,0.0
10,583,Kulusevski,TOT,Midfielder,0.0,0,0.0,0.0
10,587,Bissouma,TOT,Midfielder,0.0,0,0.0,0.0
10,589,Solomon,TOT,Midfielder,0.0,0,0.0,0.0
10,591,Gray,TOT,Midfielder,0.0,0,0.0,0.0
10,590,Bryan,TOT,Midfielder,0.0,0,0.0,0.0
10,745,Byfield,TOT,Defender,0.0,0,0.0,0.0
10,610,Wan-Bissaka,WHU,Defender,0.135,7,-6.865,6.865
10,612,L.Paquetá,WHU,Midfielder,2.95,9,-6.05,6.05
10,613,Souček,WHU,Midfielder,0.025,6,-5.975,5.975
10,708,M.Fernandes,WHU,Midfielder,1.705,7,-5.295,5.295
10,624,Bowen,WHU,Forward,6.145,2,4.145,4.145
10,609,Todibo,WHU,Defender,0.005,4,-3.995,3.995
10,671,Wilson,WHU,Forward,0.0,2,-2.0,2.0
10,625,Füllkrug,WHU,Forward,1.725,0,1.725,1.725
10,623,Potts,WHU,Midfielder,0.9,2,-1.1,1.1
10,621,Irving,WHU,Midfielder,1.095,0,1.095,1.095
10,606,Mavropanos,WHU,Defender,1.045,0,1.045,1.045
10,603,Diouf,WHU,Defender,3.015,2,1.0150000000000001,1.0150000000000001
10,619,L.Guilherme,WHU,Midfielder,1.01,0,1.01,1.01
10,600,Areola,WHU,Goalkeeper,2.66,3,-0.33999999999999986,0.33999999999999986
10,615,Summerville,WHU,Midfielder,1.805,2,-0.19500000000000006,0.19500000000000006
10,618,G.Rodriguez,WHU,Midfielder,0.08,0,0.08,0.08
10,605,Kilman,WHU,Defender,2.065,2,0.06499999999999995,0.06499999999999995
10,608,Scarles,WHU,Defender,0.06,0,0.06,0.06
10,149,Igor,WHU,Defender,1.03,1,0.030000000000000027,0.030000000000000027
10,659,Walker-Peters,WHU,Defender,0.98,1,-0.020000000000000018,0.020000000000000018
10,602,Hegyi,WHU,Goalkeeper,0.0,0,0.0,0.0
10,601,Foderingham,WHU,Goalkeeper,0.0,0,0.0,0.0
10,604,Emerson,WHU,Defender,0.0,0,0.0,0.0
10,617,Cornet,WHU,Midfielder,0.0,0,0.0,0.0
10,679,Hermansen,WHU,Goalkeeper,0.0,0,0.0,0.0
10,622,Orford,WHU,Midfielder,0.0,0,0.0,0.0
10,626,Marshall,WHU,Forward,0.0,0,0.0,0.0
10,607,N.Aguerd,WHU,Defender,0.0,0,0.0,0.0
10,611,Casey,WHU,Defender,0.0,0,0.0,0.0
10,614,Ward-Prowse,WHU,Midfielder,0.0,0,0.0,0.0
10,616,Álvarez,WHU,Midfielder,0.0,0,0.0,0.0
10,620,Earthy,WHU,Midfielder,0.0,0,0.0,0.0
10,718,S.Magassa,WHU,Midfielder,0.0,0,0.0,0.0
10,738,Fabianski,WHU,Goalkeeper,0.0,0,0.0,0.0
10,636,S.Bueno,WOL,Defender,8.89,2,6.890000000000001,6.890000000000001
10,663,J.Arias,WOL,Midfielder,5.225,1,4.225,4.225
10,631,Agbadou,WOL,Defender,1.015,-3,4.015,4.015
10,634,Mosquera,WOL,Defender,0.0,-3,3.0,3.0
10,643,André,WOL,Midfielder,2.89,1,1.8900000000000001,1.8900000000000001
10,648,Munetsi,WOL,Midfielder,2.525,4,-1.475,1.475
10,695,Tchatchoua,WOL,Defender,1.245,0,1.245,1.245
10,644,Bellegarde,WOL,Midfielder,0.915,2,-1.085,1.085
10,637,Toti,WOL,Defender,1.015,0,1.015,1.015
10,638,Hoever,WOL,Defender,0.0,1,-1.0,1.0
10,642,Hee Chan,WOL,Midfielder,0.935,0,0.935,0.935
10,646,Gomes,WOL,Midfielder,1.85,1,0.8500000000000001,0.8500000000000001
10,633,H.Bueno,WOL,Defender,1.61,1,0.6100000000000001,0.6100000000000001
10,627,Johnstone,WOL,Goalkeeper,1.56,2,-0.43999999999999995,0.43999999999999995
10,709,Krejčí,WOL,Defender,1.43,1,0.42999999999999994,0.42999999999999994
10,654,Strand Larsen,WOL,Forward,1.585,2,-0.41500000000000004,0.41500000000000004
10,645,Fer López,WOL,Midfielder,0.01,0,0.01,0.01
10,720,Tolu,WOL,Forward,0.995,1,-0.0050000000000000044,0.0050000000000000044
10,635,R.Gomes,WOL,Defender,0.005,0,0.005,0.005
10,658,Fraser,WOL,Forward,0.0,0,0.0,0.0
10,682,Møller Wolfe,WOL,Defender,0.0,0,0.0,0.0
10,656,Kalajdžić,WOL,Forward,0.0,0,0.0,0.0
10,657,Chiwome,WOL,Forward,0.0,0,0.0,0.0
10,628,José Sá,WOL,Goalkeeper,0.0,0,0.0,0.0
10,629,Bentley,WOL,Goalkeeper,0.0,0,0.0,0.0
10,632,Doherty,WOL,Defender,0.0,0,0.0,0.0
10,639,Meupiyou,WOL,Defender,0.0,0,0.0,0.0
10,640,Pedro Lima,WOL,Defender,0.0,0,0.0,0.0
10,641,Pond,WOL,Defender,0.0,0,0.0,0.0
10,647,Guedes,WOL,Midfielder,0.0,0,0.0,0.0
10,649,B.Traore,WOL,Midfielder,0.0,0,0.0,0.0
10,650,Chirewa,WOL,Midfielder,0.0,0,0.0,0.0
10,651,Edozie,WOL,Midfielder,0.0,0,0.0,0.0
10,652,Gonzalez,WOL,Midfielder,0.0,0,0.0,0.0
10,655,Fábio Silva,WOL,Forward,0.0,0,0.0,0.0
10,653,Hodge,WOL,Midfielder,0.0,0,0.0,0.0
